"num","name","url","info","likes","genre","img","administrators","bio","albums"
4500,"Emme [Emilia Romagna]","http://www.rockit.it/emmeemiliaromagna","Band, Emilia Romagna",0,"Rock, Elettronico","url(/thumb700x250/nopic/noarticolo.jpg)","[""/recensione/4442/emme-emilia-romagna-perfect-lines"",""/user/emme""]","\n<div class=""content-rece""></div>\n","[{""name"":""Perfect Lines"",""date"":"" 2004 "",""cover"":""http://www.rockit.it/thumb200x200/copertine/4442.jpg"",""link"":""http://www.rockit.it/emmeemiliaromagna/album/perfect-lines/4442""}]"
4501,"Emme [Toscana]","http://www.rockit.it/emmetoscana","Band, Toscana","0","Rock ","url(/thumb700x250/nopic/noarticolo.jpg)","[""/recensione/176/emme-toscana-emme""]","\n<div class=""content-rece""></div>\n","[{""name"":""Emme"",""date"":"" 1998 "",""cover"":""http://www.rockit.it/thumb200x200/copertine/176.jpg"",""link"":""http://www.rockit.it/emmetoscana/album/emme/176""}]"
4502,"Emme [Veneto]","http://www.rockit.it/emmeveneto","Band, Veneto","0","Rock, Acustico ","url(/thumb700x250/nopic/noarticolo.jpg)","[]","\n<div class=""content-rece""></div>\n","[]"
4503,"Emme4 (M4)","http://www.rockit.it/emme4m4","Band, fiesso umbertiano (RO), Veneto","0","Stoner, Rock, Psichedelico ","url(/thumb700x250/nopic/noarticolo.jpg)","[""/recensione/908/emme4-m4-something-strange"",""/user/emme4m4""]","\n<div class=""content-rece""><p>Dietro la sigla emme4 si cela una band. Una rock band. Come tante. Come nessun altra. Storie diverse, esperienze agli antipodi, intersecatesi grazie ad un&apos;emozione comune: il rock. Il rock quello vero, quello dei poster che abbiamo in camera, quello che abbiamo nella testa e nel cuore. L&apos;onest&#xE0; degli intenti, il sudore in sala prove, il fumo acre del sere in campagna sono il motore di un progetto, un sogno, una canzone. Dal 1995 l&apos;improvvisazione pura, lontana dalle mediazioni informatiche, si &#xE8; evoluta ed ha preso corpo. Il sound &#xE8; rimasto acre, oscuro, spontaneo, psichedelico, metallaro e robusto. Definire la musica &#xE8; atto osceno in s&#xE9;&#x2026; Lo sfondo: la campagna padana, le sue nebbie naturali, i viaggi artificiali, i suoi silenzi ed il bisogno di (soprav)vivere. I protagonisti: Marcello, un batterista esuberante e fantasioso; Matteo, un bassista schivo e geniale; Cristian, un chitarrista perplesso e vitale; Mirko, un cantante emozionato ed emozionante, Marco, un ritorno insperato. Tanti amici. Tante amiche. Pochi soldi. La musica: alcuni la chiamano stoner rock, but it&apos;s only rock&apos;n&apos;roll! Che sia pesante o leggera, distorta o acustica si vuol far sentire e lo fa! Cds autoprodotti (&quot;Something strange&quot; 1999, &quot;Brown Songs&quot; EP 2000, &quot;emme4&quot; 2005, &quot;Self-made sun&quot; 2008) e concerti generosi (piccoli e grandi in tutt&apos;Italia), e tanta, onesta emozione live. Quasi come una volta. Quasi come domani. Le parole: quelle di tutti i giorni, quelle che diciamo sempre e quelle che vorremmo dire sempre. Un urlo nel deserto rosso, un sussurro nel caos giornaliero &quot;I give u one piece of advice: there&apos;s no advice&quot;&#x2026;</p></div>\n","[{""name"":""Self-made Sun"",""date"":"" 2008 "",""cover"":""http://www.rockit.it/thumb200x200/copertine/11519.jpg"",""link"":""http://www.rockit.it/emme4m4/album/self-made-sun/11519""},{""name"":""emme4"",""date"":"" 2005 "",""cover"":""http://www.rockit.it/thumb200x200/copertine/11518.jpg"",""link"":""http://www.rockit.it/emme4m4/album/emme4/11518""},{""name"":""Something Strange"",""date"":"" 1999 "",""cover"":""http://www.rockit.it/thumb200x200/copertine/908.jpg"",""link"":""http://www.rockit.it/emme4m4/album/something-strange/908""}]"
4504,"Emmenem's","http://www.rockit.it/emmenems","Band, Friuli Venezia Giulia","0","Grunge ","url(/thumb700x250/nopic/noarticolo.jpg)","[""/user/em385689m""]","\n<div class=""content-rece""></div>\n","[]"
4505,"Emmevubí (ex MWB)","http://www.rockit.it/emmevubexmwb","Band, Emilia Romagna","1","Rock ","url(/thumb700x250/nopic/noarticolo.jpg)","[""/news/emmevubi-nautilus"",""/recensione/349/emmevubi-ex-mwb-zobia-blue""]","\n<div class=""content-rece""></div>\n","[{""name"":""Zobia Blue"",""date"":"" 1998 "",""cover"":""http://www.rockit.it/thumb200x200/nopic/nocd.jpg"",""link"":""http://www.rockit.it/emmevubexmwb/album/zobia-blue/349""}]"
4506,"Emo [Piemonte]","http://www.rockit.it/emopiemonte","Band, Piemonte","0","Rock ","url(/thumb700x250/nopic/noarticolo.jpg)","[""/news/skiantos-emo-live-fillmore"",""/user/emoweb""]","\n<div class=""content-rece""><p>Gli Emo nascono dalle ceneri di una formazione precedente,con l&apos;intento di portare avanti il discorso musicale intrapreso negli anni scorsi.In questi anni abbiamo fatto molta esperienza dal vivo, girando per concorsi e rassegne varie sparse per l&apos;Italia.Durante queste manifestazioni abbiamo trovato persone determinate a portare avanti dei progetti con i gruppi che partecipavano, scelta che per noi ha significato la possibilit&#xE0; di suonare di spalla a Max Gazz&#xE8;,Skiantos,Africa Unite e Otto Ohm.Per noi il nostro suono &#xE8; &quot;rock e basta&quot;,senza tanti,pomposi ed inutili giri di parole.</p></div>\n","[]"
4507,"Emo [Puglia]","http://www.rockit.it/emopuglia","Band, Puglia","0","Pop, Hardcore, Alternativo ","url(/thumb700x250/nopic/noarticolo.jpg)","[]","\n<div class=""content-rece""></div>\n","[]"
4508,"Emoglobe","http://www.rockit.it/emoglobe","Band, Lombardia","4","New-Wave, Indie, Alternativo ","url(/thumb700x250/foto/1483.jpg)","[""/recensione/8625/emoglobe-emoglobe"",""/recensione/177/emoglobe-demo-99"",""/user/emoglobe"",""/user/trevorzent""]","\n<div class=""content-rece""><p>Gli Emoglobe nascono a Milano nel 1998, formati da Gianluca Morelli e Francesco Franciosi, rispettivamente basso/voce e batteria, dopo l&apos;esperienza comune negli Exit. Nel 2000 Alberto de Angeli, chitarrista e fonico del gruppo, si unisce stabilmente al duo, ne scaturisce un EP autoprodotto che raccoglie numerosi consensi dalla stampa di settore. Dopo anni di gavetta che li porta a suonare un po&apos; ovunque e ad aprire per Linea77 e After Hours fra gli altri, nel marzo 2008 esce l&apos;album di debutoo prodotto da Marco Trentacoste che raccoglie il meglio dei primi 5 anni di attivit&#xE0; compositiva. Gli E&#x2026;</p></div>\n","[{""name"":""Emoglobe"",""date"":"" 2008 "",""cover"":""http://www.rockit.it/thumb200x200/copertine/8625.jpg"",""link"":""http://www.rockit.it/emoglobe/album/emoglobe/8625""},{""name"":""EP00"",""date"":"" 2000 "",""cover"":""http://www.rockit.it/thumb200x200/copertine/8624.jpg"",""link"":""http://www.rockit.it/emoglobe/album/ep00/8624""},{""name"":""demo 99"",""date"":"" 1999 "",""cover"":""http://www.rockit.it/thumb200x200/nopic/nocd.jpg"",""link"":""http://www.rockit.it/emoglobe/album/demo-99/177""}]"
4509,"Emografia","http://www.rockit.it/emografia","Band, Campania","0","Rock ","url(/thumb700x250/nopic/noarticolo.jpg)","[]","\n<div class=""content-rece""></div>\n","[]"
4510,"Emoliquida","http://www.rockit.it/emoliquida","Band, Veneto","0","Metal ","url(/thumb700x250/nopic/noarticolo.jpg)","[""/recensione/4510/emoliquida-di-una-collina-e-lalbero""]","\n<div class=""content-rece""></div>\n","[{""name"":""Di una collina e l'albero..."",""date"":"" 2005 "",""cover"":""http://www.rockit.it/thumb200x200/nopic/nocd.jpg"",""link"":""http://www.rockit.it/emoliquida/album/di-una-collina-e-lalbero/4510""}]"
4511,"Emotive","http://www.rockit.it/emotive","Band, Veneto","0","Metal, Industrial, Gotico ","url(/thumb700x250/nopic/noarticolo.jpg)","[]","\n<div class=""content-rece""></div>\n","[]"
4512,"Empatia","http://www.rockit.it/empatia","Band, Friuli Venezia Giulia","0","Rock ","url(/thumb700x250/nopic/noarticolo.jpg)","[""/recensione/179/empatia-il-cerchio-infinito"",""/recensione/178/empatia-sognilinfinito-cerchio""]","\n<div class=""content-rece""></div>\n","[{""name"":""Sogni/L'infinito cerchio"",""date"":"" 1998 "",""cover"":""http://www.rockit.it/thumb200x200/nopic/nocd.jpg"",""link"":""http://www.rockit.it/empatia/album/sognilinfinito-cerchio/178""},{""name"":""Il cerchio infinito"",""date"":"" 1998 "",""cover"":""http://www.rockit.it/thumb200x200/copertine/179.jpg"",""link"":""http://www.rockit.it/empatia/album/il-cerchio-infinito/179""}]"
4513,"Emperor of the beef","http://www.rockit.it/emperorofthebeef","Band, Genova, Liguria","0","Lo-Fi, Indie, Emo ","url(/thumb700x250/nopic/noarticolo.jpg)","[""/user/emperorofthebeef""]","\n<div class=""content-rece""></div>\n","[]"
4514,"Emphasis","http://www.rockit.it/emphasis","Band, Lombardia","0","Rock, Dark ","url(/thumb700x250/nopic/noarticolo.jpg)","[""/user/killkenny""]","\n<div class=""content-rece""></div>\n","[]"
4515,"Empiria","http://www.rockit.it/empiria","Band, Veneto","0","Rock ","url(/thumb700x250/nopic/noarticolo.jpg)","[]","\n<div class=""content-rece""></div>\n","[]"
4516,"Empirica","http://www.rockit.it/empirica","Band, Puglia","0","Rock ","url(/thumb700x250/nopic/noarticolo.jpg)","[""/user/em345456p""]","\n<div class=""content-rece""><p>Il progetto Empirica nasce nel marzo 2002 da un incontro fiorentino tra Davide Pepe e Vito Taccogna. I due, tornati nella loro citt&#xE0; d&apos;origine, Bari, cominciano a creare quel feeling artistico che e&apos; alla base di ogni band che si rispetti. La loro impostazione di base e&apos; fondamentalmente rock, tanto da dare un&apos;impronta tale al neo-progetto. Per la riuscita del tutto e&apos; stato fondamentale l&apos;incontro con Gianluca Calisti e Vito Decarolis, successivamente entrati a far parte del gruppo. Il nostro modo di fare rock e&apos; contaminato dalle influenze artistiche di ciascun component&#x2026;</p></div>\n","[{""name"":""Fermo Immagine"",""date"":"" 2007 "",""cover"":""http://www.rockit.it/thumb200x200/copertine/7659.jpg"",""link"":""http://www.rockit.it/empirica/album/fermo-immagine/7659""}]"
4517,"Empty Frames","http://www.rockit.it/emptyframes","Band, Lombardia","0","Rock, Pop, New-Wave ","url(/thumb700x250/foto/1484.jpg)","[""/recensione/3175/empty-frames-draw-a-line"",""/news/turbinio-novita-dalla-shinseiki"",""/news/blank-dirt-live-magazzino-47-bs"",""/user/emptyframe""]","\n<div class=""content-rece""></div>\n","[{""name"":""Draw a line"",""date"":"" 2004 "",""cover"":""http://www.rockit.it/thumb200x200/copertine/3175.jpg"",""link"":""http://www.rockit.it/emptyframes/album/draw-a-line/3175""},{""name"":""Less than we could more than we should"",""date"":"" 2001 "",""cover"":""http://www.rockit.it/thumb200x200/copertine/1862.jpg"",""link"":""http://www.rockit.it/emptyframes/album/less-than-we-could-more-than-we-should/1862""}]"
4518,"Empty Sphere","http://www.rockit.it/emptysphere","Band, Veneto","0","Rock ","url(/thumb700x250/nopic/noarticolo.jpg)","[]","\n<div class=""content-rece""></div>\n","[]"
4519,"Emptyty","http://www.rockit.it/emptyty","Band, Morazzone (VA), Lombardia","0","Rock, Indie, Alternativo ","url(/thumb700x250/foto/12570.jpg)","[""/recensione/19187/emptyty-estasi"",""/user/emptyty""]","\n<div class=""content-rece""><p>Gli Emptyty nascono nel settembre 2004, da due ex membri dei SdF (segnali di fumo, band dedita al rock blues). Sono infatti Diego e Ivan a lasciare il gruppo, poi scioltosi, e iniziare una nuova avventura. Dopo aver contattato Roby (ex Giornata Nera) alla batteria, Milko alla voce e Tony al basso, gli Emptyty prendono vita come band grunge. Il repertorio spazia da cover di Nirvana, Alice in Chains, Stone Temple Pilots, Soundgarden, Pearl Jam fino al post grunge e new rock come Nickelback e Muse. Gli Emptyty si specializzano contemporaneamente come band tributo ai Pearl Jam, con una playlist che va da brani conosciuti a meno noti. In questo modo riescono a maturare un&apos;ottima esperienza live, con esibizioni cariche di energia e di coinvolgimento dell&apos;audience. L&apos;estate del 2005 vede la band muovere i primi passi nella composizione di materiale proprio. Da due sessioni nascono i primi due brani del nuovo corso degli Emptyty. Nel novembre 2005 Tony decide di lasciare il gruppo a causa di incompatibilit&#xE0; caratteriale con il resto della band. Il suo posto &#xE8; rimpiazzato in maniera superba da Steve, bassista dalle grandi doti tecniche e da una vena ispiratrice per tutto il gruppo. Con questa formazione (la attuale) si esibiscono in un paio di concerti fino alla svolta decisiva... A scapito dei live gli Emptyty si chiudono in sala prove componendo materiale proprio e danno una svolta al genere proposto. Non esiste una parola che possa definire la loro musica. Forse &quot;Alternative&quot; (che vuol dire tutto e niente) &#xE8; quella che pi&#xF9; si addice... Finalmente nel Gennaio 2008 vede la luce EFFETTO E: primo lavoro degli Emptyty. Il cd contiene 9 tracce inedite e 1 cover. NEl luglio 2008 Roby lascia la band e viene sostituito da Moreno, ex batterista dei Mr. Brownstone (tributo ai Guns and Roses)</p></div>\n","[{""name"":""Estasi"",""date"":"" 2012 "",""cover"":""http://www.rockit.it/thumb200x200/copertine/19187.jpg"",""link"":""http://www.rockit.it/emptyty/album/estasi/19187""},{""name"":""Effetto E"",""date"":"" 2008 "",""cover"":""http://www.rockit.it/thumb200x200/copertine/9806.jpg"",""link"":""http://www.rockit.it/emptyty/album/effetto-e/9806""}]"
4520,"Emy Santoro","http://www.rockit.it/emysantoro","Band, Estero","0","Rock, Alternativo, Electro ","url(/thumb700x250/foto/73722.jpg)","[""/recensione/22052/emy-santoro-rage-of-the-pin-ups"",""/user/karmaemi""]","\n<div class=""content-rece""><p>Sono un musicista siciliano che vive attualmente a Londra.<br>\n<br>\nHo lavorato con importanti produttori come: Warren Riker (vincitore di numerosi premi awards: Santana, Fugees, Korn, Destiny&apos;s child) e la leggenda vivente Dave Allen (The Cure, Depeche Mode, Human League, Gianna Nannini)<br>\nHo inciso un EP con i Junkstar: Magazine (Smoky Carrot records) e due singoli. <br>\nLa canzone di cui sono autore &apos;Girls like him&apos; ha raggiunto la posizione #2 della classifica novit&#xE0; Amazon (#30 nella classifica generale) solo dietro al nuovo singolo degli Evanescence.<br>\nSono inoltre co-autore di un brano scritto per lo show televisivo della BBC &quot;Ideal&quot;.<br>\nCon la mia band sono stato in tour in USA, Olanda, Inghilterra (ovviamente) ed abbiamo pure fatto tre date in Italia (con la Sanday Booking agency)...oltre ad aver suonato di spalla ad artisti quali (THe Drums, Supergrass, Athlete, Kate Nash, etc.).<br>\nRecentemente ho firmato un contratto non esclusivo come compositore con l&apos;agenzia The Soundworks che fornisce la musica per le pubblicit&#xE0; televisive di grosse compagnie (Pepsi, Max Factor).<br>\nInfine, come chitarrista ho un endorsement Rotosound e uno Big Bite electronics.</p></div>\n","[{""name"":""Rage of the pin-ups"",""date"":"" 2012 "",""cover"":""http://www.rockit.it/thumb200x200/copertine/22052.jpg"",""link"":""http://www.rockit.it/emysantoro/album/rage-of-the-pin-ups/22052""}]"
4521,"Emycrania","http://www.rockit.it/emycrania","Band, Veneto","0","Grunge ","url(/thumb700x250/nopic/noarticolo.jpg)","[]","\n<div class=""content-rece""></div>\n","[]"
4522,"Emykrania","http://www.rockit.it/emykrania","Band, Sardegna","0","Ska, Punk ","url(/thumb700x250/nopic/noarticolo.jpg)","[""/user/emykrania""]","\n<div class=""content-rece""></div>\n","[]"
4523,"En Declin","http://www.rockit.it/endeclin","Band, Lazio","0","Post-Rock ","url(/thumb700x250/foto/2805.jpg)","[""/recensione/2752/en-declin-trama"",""/user/endeclin""]","\n<div class=""content-rece""><p>Il progetto En DECLIN nasce a ROMA nel 1996. Nel 1999 sotto il moniker di MY END esce il primo lavoro autoprodotto &#x201C;Nigth Time Flyers&#x201D;. Nel 2000 con il definitivo moniker di En DECLIN, registrano live ai &#x201C;TheOuterSoundsStudios&#x201D; il secondo lavoro dal titolo &#x201C;Amaranth&#x201D;. Nel 2001 divergenze stilistiche allontanano Loddo che viene sostituito da M.Campioni. Nel 2002 anche Casuccio lascia la band e viene sostituito da M.Tavani che porta all&#x2019;abbandono dello ScreaM e alla fusione del precedente sound con nuove influenze, alchimia che rappresenta l&#x2019;attuale indirizzo stilistico degli En DECLIN.</p></div>\n","[{""name"":""Trama"",""date"":"" 2003 "",""cover"":""http://www.rockit.it/thumb200x200/copertine/2752.jpg"",""link"":""http://www.rockit.it/endeclin/album/trama/2752""}]"
4524,"En Dhyana","http://www.rockit.it/endhyana","Band, Toscana","0","Rock ","url(/thumb700x250/nopic/noarticolo.jpg)","[]","\n<div class=""content-rece""></div>\n","[]"
4525,"en plein air","http://www.rockit.it/epaepa","Band, Roma, Lazio","2","Indie, Post-Rock ","url(/thumb700x250/nopic/noarticolo.jpg)","[""/recensione/15933/en-plein-air-st"",""/user/epaepa""]","\n<div class=""content-rece""><p>Violino e violoncello vi faranno veleggiare su un mare di nostalgia e malinconia e le melodie delle chitarre saranno i delfini con cui nuotare durante la navigazione. Ma navigherete anche in acque tempestose, quando chitarre e batteria si dirigeranno verso le onde pi&#xF9; alte. Sono gli En Plein Air di Roma. La loro musica &#xE8; ascrivibile al post rock, ma quando li ascolterete, potrete apprezzare quanto le influenze di musica classica e jazz impreziosiscano le loro composizioni. I loro concerti, in Italia e all&#x2019;estero, sono molto coinvolgenti. Qualcuno ha definito la loro musica come &#x201C;l&#x2019;odore di antichi strumenti musicali lanciati verso il futuro&#x201D;. Un altro dettaglio curioso: sono stati il primo gruppo a suonare dal vivo per un locale virtuale di 2nd Life.</p></div>\n","[{""name"":""s/t"",""date"":"" 2011 "",""cover"":""http://www.rockit.it/thumb200x200/copertine/15933.jpg"",""link"":""http://www.rockit.it/epaepa/album/st/15933""},{""name"":""L'alba irradia l'inutile parola"",""date"":"" 2007 "",""cover"":""http://www.rockit.it/thumb200x200/copertine/12127.jpg"",""link"":""http://www.rockit.it/epaepa/album/lalba-irradia-linutile-parola/12127""}]"
4526,"En Roco","http://www.rockit.it/enroco","Band, Genova, Liguria","59","Cantautore, Pop, Alternativo ","url(/thumb700x250/foto/43871.jpg)","[""/articolo/fosbury-records-lust-jump-concerto-valentina-dorme"",""/news/chiude-la-fosbury-records"",""/news/fosbury-compie-dieci-anni-domani-streaming-compilation"",""/user/enroco""]","\n<div class=""content-rece""><p>canzoni.</p> <p>Gli En Roco nascono a Genova nel 2000 con la voglia di esprimere le proprie idee musicali attraverso un&#x2019;attitudine personale che risulta tanto timida ed intimista quanto diretta e decisa, dalla quale trae forza ispiratrice un indie-pop acustico di matrice d&apos;autore. <br>\nNel 2001 il gruppo, con Francesco Davi alla batteria e Virgilio Aristei al violino registra un demo-CD e, successivamente, inizia a muovere i suoi primi passi pubblicando un EP di 6 brani uscito per la  genovese Marsiglia Records di Matteo Casari.  &#xC8; grazie a questo EP che il gruppo inizia a farsi conoscere in ambito indipendente. Questo lavoro, accolto in maniera molto positiva pone i presupposti per lo svolgimento di una buona attivit&#xE0; dal vivo.<br>\nSempre alla fine del 2001 gli En Roco si spostano a Roma per due settimane e registrano 15 tracce destinate a divenire nel ottobre 2003 il loro  debutto discografico sulla lunga distanza. Uscito per l&apos;etichetta trevigiana Fosbury Records e distribuito da Audioglobe, il lavoro viene intitolato &quot;Prima di volare via&quot;. Nell&apos;aprile del 2004 girano il videoclip della title track.<br>\nIn seguito ad un cambio di organico, si creano i presupposti per iniziare un lungo tour,  che permette alla band l&apos;incontro con tanti musicisti di cui condividono gli intenti.<br>\nNell&#x2019;autunno del 2005 la band esce dal Green Fog Studio dove ha registrato &#x201C;Occhi chiusi&#x201D;, album uscito nel dicembre dello stesso anno.  Il disco &#xE8; prodotto dalla genovese Green Fog Records. L&apos;album, distribuito da Venus, contiene 13 brani dotati di una lieve, ma comunque pi&#xF9; evidente, attitudine rock rispetto a &#x201C;Prima di volare via&#x201D;. Al suo interno, oltre ad una maggiore complessit&#xE0; a livello compositivo, si &#xE8; voluto imprimere un differente impianto sonoro. Hanno partecipato alle registrazioni vari musicisti genovesi ad arricchire le prime stesure delle canzoni. <br>\nDal dicembre 2005 la band &#xE8; occupata nella promozione del disco. Ne scaturir&#xE0; un tour di una quarantina di date distribuite nel giro di molti mesi.<br>\nNel giugno 2006 girano il loro secondo video, La notte si avvicina, con la regia di Fabio Luongo.<br>\nTra il maggio ed il luglio 2006 sono nuovamente in  tour.<br>\nNel 2007 hanno concluso una collaborazione con Richard Coldburn, batterista dei Belle&amp;Sebastian.<br>\nLa canzone che ne &#xE8; derivata &#xE8; presente nel terzo album, Spigoli, registrato sempre al Green fog studio di Genova da Mattia Cominotto.  Per questo terzo lavoro gli En Roco hanno potuto contare  anche sulla collaborazione di molti amici, fra cui Max Morales, Paulina Tala Masafierro aka Tigermilk, Facundo e Santiago Moreno di Aparecidos, Mario Pigozzo Favero di Valentina Dorme, Matteo Casari di Blown Paper bags.<br>\nSpigoli rappresenta la naturale evoluzione di un percorso.<br>\nL&apos;approccio &#xE8; decisamente pi&#xF9; elettrico rispetto al passato. Cecilia  lascia il gruppo e si decide di rimanere un quartetto. Parteciper&#xE0; comunque alla registrazione di alcuni brani del disco.<br>\nNel dicembre del 2008 il gruppo ritorna sotto Fosbury/Audioglobe. Nei due mesi successivi si concretizza la possibilit&#xE0; di una collaborazione con Ghost PR per quanto riguarda l&apos;aspetto promozionale.<br>\n<br>\nIn seguito, a circa un anno dall&apos;uscita di Spigoli nell&apos;aprile del 2009, tornano in studio per buttare gi&#xF9; le nuove canzoni (giugno-luglio 2010). Il nuovo album &#x201C;N&#xE9; uomini n&#xE9; ragazzi&#x201D; &#xE8; uscito a novembre 2011. Il suono e le atmosfere pi&#xF9; morbide si accompagnano alla scelta forte di tirarsi un po&apos; indietro, di tornare dentro se stessi, di moderare i toni. Leggerezza la parola d&apos;ordine.</p></div>\n","[{""name"":""Né uomini né ragazzi"",""date"":"" 2011 "",""cover"":""http://www.rockit.it/thumb200x200/copertine/18152.jpg"",""link"":""http://www.rockit.it/enroco/album/ne-uomini-ne-ragazzi/18152""},{""name"":""Spigoli"",""date"":"" 2009 "",""cover"":""http://www.rockit.it/thumb200x200/copertine/7105.jpg"",""link"":""http://www.rockit.it/enroco/album/spigoli/7105""},{""name"":""Occhi chiusi"",""date"":"" 2005 "",""cover"":""http://www.rockit.it/thumb200x200/copertine/4781.jpg"",""link"":""http://www.rockit.it/enroco/album/occhi-chiusi/4781""},{""name"":""Prima di volare via"",""date"":"" 2003 "",""cover"":""http://www.rockit.it/thumb200x200/copertine/2817.jpg"",""link"":""http://www.rockit.it/enroco/album/prima-di-volare-via/2817""},{""name"":""#Fosbury10"",""date"":"" 2012 "",""cover"":""http://www.rockit.it/thumb200x200/copertine/20385.jpg"",""link"":""http://www.rockit.it/compilation/fosbury10/20385""}]"
4527,"Encaustica","http://www.rockit.it/encaustica","Band, Panicale (PG), Umbria","0","Stoner, New-Wave, Hard Rock ","url(/thumb700x250/foto/50088.jpg)","[""/recensione/16957/encaustica-luci-dal-post-moderno"",""/user/encaustica""]","\n<div class=""content-rece""><p>Gli &#x201C;ENCaustica&#x201D; nascono nel 2007 e sono Claudio Brancaleoni (la voce e le parole), Fabio Baldoni (la musica e le chitarre elettriche), Errico Picchiarelli (Tastiere e suoni), Michele Fioravanti (Basso), Alberto Calzoni (Batteria) e il DJ Alessio Bacherini. <br>\nGli ENCAUSTICA, sono un gruppo rock perugino che combina sonorit&#xE0; permeabili a molteplici influenze, in particolare l&#x2019;hard rock e la new wave anni &#x2019;80, e testi graffianti ispirati, tra gli altri, ai lavori dei CCCP-CSI. Hanno partecipato a rassegne musicali (Rock dissidente e Rock targato Italia), suonato in locali (Contestaccio (Roma), Urban (Perugia), Darsena (Castiglione del Lago &#x2013; PG), 1900 (Tavernelle &#x2013; PG), Siddharta Club (Prato)) . Le esibizioni si contraddistinguono per un inedito mix di musica, immagini e recitazione per uno show a 360 gradi.<br>\nIl 19 dicembre 2009 abbiamo aperto il concerto del &#x201C;Teatro degli orrori&#x201D; all&apos;URBAN CLUB di Perugia, e il 31 luglio 2010 il concerto dei SICK TAMBURO alla Manifestazione ROCK FOR LIFE di Ponticelli e sempre i SICK TAMBURO il 15 maggio 2011 all&#x2019;URBAN CLUB di Perugia.</p></div>\n","[{""name"":""Luci Dal Post Moderno"",""date"":"" 2011 "",""cover"":""http://www.rockit.it/thumb200x200/copertine/16957.jpg"",""link"":""http://www.rockit.it/encaustica/album/luci-dal-post-moderno/16957""}]"
4528,"Encelado","http://www.rockit.it/encelado","Band, Reggio Calabria, Calabria","1","Rock ","url(/thumb700x250/foto/23587.jpg)","[""/user/encelado""]","\n<div class=""content-rece""><p>Il viaggio degli Encelado inizia nel 2004, quando Emilio Sorridente, gi&#xE0; con gli Illusion e chitarrista della nuova band di Sasha Torrisi, ex Timoria, decide di mettere su carta anni di viaggi e sperimentazioni rock-blues e forma una band che dia sfogo ai suoi deliri musicali e letterari. Piergiorgio Id&#xE0;, figlio d&apos;arte, sale subito a bordo e fornisce un apporto ritmico al basso, alle percussioni e ai cori. Il fratello Fabrizio, alla batteria, li accompagna per qualche mese, ma &#xE8; con Amedeo Formica, vecchia conoscenza di Emilio agli Illusion, che la band trova l&apos;alchimia giusta e inizia a percorrere un sentiero che spesso intreccia sapori rock, blues e una certa psichedelia anni &apos;70 cara ad Emilio. Il risultato &#xE8; l&apos;album &apos;Anomalia di Sistema&apos;, un mix di pop, rock e ballate psichedeliche ( come &apos;Lucertola&apos;, il cui video &#xE8; presente sulla prima edizione del leggendario Renilin: Offside Project ) dilatazioni in tema e sferzate rock spesso dedicate alla ricerca interiore. C&apos;&#xE8; spazio anche per una bonus-track, &apos;Jealousy&apos;, in inglese, un paranoico jazz-blues in cui suonano come ospiti Giovanni De Sossi, contrabbassista (Bruno Tommaso Orchestra) e Vittorino Naso (gi&#xE0; percussionista con i maestri Piovani e Morricone) alla batteria. Non sono gli unici ospiti nel disco; in &apos;Anomalia di sistema&apos;, la title-track, c&apos;&#xE8; la romana Bootleg Band di Franco Vinci e Mick Brill, con Lucrezio De Seta (Alex Britti, Scott Henderson) alla batteria. &apos;Anomalia di sistema&apos; &#xE8; stata masterizzata da Antonio Baglio al Nautilus di Milano. I concerti, con Enzino Misale alle chitarre aggiunte, vedono i ragazzi impegnati in due anni di sperimentazioni live e al continuo perfezionamento di un &apos;suono&apos; che potesse risultare riconoscibile. Nel corso delle tante date del Delirioelettricotour (battezzato con uno show memorabile al Blue Dahlia di Gioiosa Jonica) toccano I Candelai di Palermo e la Nave di Harlock a Brescia, e il 31 ottobre 2007 ai Paparazzi di Crema gli Encelado vengono raggiunti sul palco da Fede Poggipollini, mitico chitarrista di Litfiba e Ligabue che con loro infiamma la notte di Halloween e regala a 3000 persone un momento davvero di bel rock e improvvisazione. Al ritorno dal tour lombardo entra a dare il suo contributo alle tastiere Antonio Stella, gi&#xE0; nella band di Torrisi con Emilio e amante dei Beatles e del brit-pop. Emilio nel frattempo esce con &apos;7 Sins&apos;, un album solista prodotto dalla &apos;Ave it .E&apos; un esperimento che unisce il rock al reading e vede Emilio alla produzione di 7 strumentali che accompagnano le liriche di Joe Caristena, film maker italo-canadese gi&#xE0; alla regia del video di &apos;Lucertola&apos;, e compagno d&apos;avventura della band. Dal novembre 2008 gli Encelado sono tornati in studio per perfezionare il nuovo ciclo di canzoni, che sar&#xE0; un concept album intitolato &apos;Reality Show&apos;, e la cui uscita &#xE8; prevista per luglio 2009.</p></div>\n","[{""name"":""Anomalia di sistema"",""date"":"" 2006 "",""cover"":""http://www.rockit.it/thumb200x200/copertine/11303.jpg"",""link"":""http://www.rockit.it/encelado/album/anomalia-di-sistema/11303""}]"
4529,"Encendedor","http://www.rockit.it/encendedor","Band, Toscana","0","Rock, Pop, Noise ","url(/thumb700x250/foto/1809.jpg)","[""/recensione/1882/encendedor-finche-morte-non-ci-separi""]","\n<div class=""content-rece""><p>&quot;Encendedor&quot; &#xE9; sinonimo di adrenalina tra sprazzi rock-noise.skizofrenia e malattia mentale uniti ad una melodia ineguagliabile.</p></div>\n","[{""name"":""Finché morte non ci separi"",""date"":"" 2001 "",""cover"":""http://www.rockit.it/thumb200x200/nopic/nocd.jpg"",""link"":""http://www.rockit.it/encendedor/album/finche-morte-non-ci-separi/1882""}]"
4530,"Enchanded","http://www.rockit.it/enchanded","Band, Emilia Romagna","0","Post-Rock ","url(/thumb700x250/nopic/noarticolo.jpg)","[""/recensione/5638/enchanded-st"",""/user/en524925c""]","\n<div class=""content-rece""></div>\n","[{""name"":""s/t"",""date"":"" 2006 "",""cover"":""http://www.rockit.it/thumb200x200/nopic/nocd.jpg"",""link"":""http://www.rockit.it/enchanded/album/st/5638""}]"
4531,"Encode","http://www.rockit.it/encode","Band, Lombardia","7","Psichedelico, Indie, Alternativo ","url(/thumb700x250/foto/3545.jpg)","[""/news/keepon-100-live-club-premia-migliori-live-2011"",""/recensione/16208/encode-core"",""/news/ghost-vs-midfinger-garage-milano"",""/user/encode""]","\n<div class=""content-rece""><p>Il gruppo nasce nell&apos;autunno del 2000 dalla confluenza di Matteo( ex membro dei Nastenka) e Andrea M. (ex Frozen Fracture), con la sezione ritmica degli Enter K (Marcello e Andrea C.) Due chitarre, violino, basso e batteria, questa la prima formazione, successivamente ampliata dall&apos;ingresso di Elena (ex voce dei Nastenka) e di Marco (sintetizzatori e elettronica). Dopo un breve periodo dedicato alla stesura dei primi pezzi, partecipano alla compilation &quot;Ghost town&quot; con &quot;Fading here&quot;, seguito da una serie di concerti. Successivamente la band cominicia a gettare le basi per quello che sar&#xE0; il disco d&apos;esordio, alternando momenti di intensa attivit&#xE0; di registrazione ad altri di attivit&#xE0; live.</p></div>\n","[{""name"":""Core"",""date"":"" 2011 "",""cover"":""http://www.rockit.it/thumb200x200/copertine/16208.jpg"",""link"":""http://www.rockit.it/encode/album/core/16208""},{""name"":""Singing through the telescope"",""date"":"" 2003 "",""cover"":""http://www.rockit.it/thumb200x200/copertine/3120.jpg"",""link"":""http://www.rockit.it/encode/album/singing-through-the-telescope/3120""},{""name"":""Ten Years After. More Songs From The Lakes County"",""date"":"" 2012 "",""cover"":""http://www.rockit.it/thumb200x200/copertine/20388.jpg"",""link"":""http://www.rockit.it/compilation/ten-years-after-more-songs-from-the-lakes-county/20388""}]"
4532,"encode","http://www.rockit.it/encodetheband","Band, Lombardia","0","Indie, Alternativo ","url(/thumb700x250/nopic/noarticolo.jpg)","[""/user/encodetheband""]","\n<div class=""content-rece""></div>\n","[{""name"":""prova"",""date"":"" 2009 "",""cover"":""http://www.rockit.it/thumb200x200/nopic/nocd.jpg"",""link"":""http://www.rockit.it/encodetheband/album/prova/12750""}]"
4533,"Encore Fou","http://www.rockit.it/encorefou","Band, Piemonte","1","Hardcore ","url(/thumb700x250/nopic/noarticolo.jpg)","[""/recensione/1377/encore-fou-il-numero-undici""]","\n<div class=""content-rece""></div>\n","[{""name"":""Il numero undici"",""date"":"" 2001 "",""cover"":""http://www.rockit.it/thumb200x200/copertine/1377.jpg"",""link"":""http://www.rockit.it/encorefou/album/il-numero-undici/1377""}]"
4534,"Encore Une Fois!","http://www.rockit.it/encoreunefois","Band, Lombardia","0","Strumentale, Post-Rock ","url(/thumb700x250/nopic/noarticolo.jpg)","[]","\n<div class=""content-rece""><p>Encore une Fois! &#xE8; una band milanese di post-rock strumentale. Il progetto nasce nel gennaio 2004 come duo chitarristico di improvvisazione noise-rock, per poi allargarsi alla fine del 2004 con l&#x2019;inserimento di un batterista, Mojo, e di un bassista, Federico (Pagnone): con questa formazione il gruppo di esibisce in locali del sud milano, in versione elettrica ed acustica, proponendo un ibrido di noise rock e indie rock, con larghe divagazioni di chiaro stampo post. Nel marzo 2005 la svolta: prima il cambio di batterista, poi il concorso Databand della provincia di Milano,che gli EUF! vincono&#x2026;</p></div>\n","[{""name"":""Meet you there"",""date"":"" 2009 "",""cover"":""http://www.rockit.it/thumb200x200/copertine/12419.jpg"",""link"":""http://www.rockit.it/encoreunefois/album/meet-you-there/12419""},{""name"":""Say the word and we'll be well upon our way"",""date"":"" 2006 "",""cover"":""http://www.rockit.it/thumb200x200/copertine/5550.jpg"",""link"":""http://www.rockit.it/encoreunefois/album/say-the-word-and-well-be-well-upon-our-way/5550""}]"
4535,"End","http://www.rockit.it/endtronic","Band, Milano, Lombardia","0","Indie, Elettronico, Alternativo ","url(/thumb700x250/nopic/noarticolo.jpg)","[""/user/AlessandroGandini""]","\n<div class=""content-rece""><p>Vap</p> <p>Gli End sono: Quello Con La Barba, voce e chitarra, che cura la realizzazione dei suoni, e Quello Con Gli Occhiali, che suona il basso e cura i testi della band.   <br>\n<br>\nIl progetto degli End nasce in Italia ormai qualche anno fa e si sviluppa a Londra, dove vivono la scena indie suonando continuativamente per due anni, tra il 2008 e il 2009, per un totale di oltre quindici date in alcuni dei pi&#xF9; noti locali underground londinesi, come il Purple Turtle o il Bull &amp; Gate. Dopo una pausa di riflessione ritornano in Italia e rilanciano il progetto nella forma e nei suoni attuali, con base a Milano. <br>\n<br>\n&quot;The Vap Manifesto&quot;, il titolo dell&apos; Ep, si rif&#xE0; all&apos;idea dello stile musicale, artistico e di immagine che gli End chiamano Vap, acronimo di &#x201C;Vagabond-chic / Alternative / Punk-electronic&#x201D;  una sigla in grado di identificare gli End non solo in termini musicali, ma anche in termini di immagine, di look, di abbigliamento e di presenza scenica. <br>\n<br>\nI live show degli End infatti aspirano ad essere una forma innovativa di concerto indie, in cui la performance musicale &#xE8; accompagnata dalla proiezione di un video, curato da Francesca Avian, che scorre alle spalle della band durante il concerto, e che rappresenta un esempio di visual art applicato a questo genere musicale, nel tentativo di andare oltre il consueto (e ormai un po&apos; ripetitivo) clich&#xE8; delle indie band tradizionali, tutte garage ed amplificatori rumorosi, in moltissimi casi quasi indistinguibili l&apos;una dall&apos;altra.<br>\n<br>\n// <br>\n<br>\nEnd are: The Bearded (vocals, guitar, computer), and The Four-Eyed (bass + lyrics).<br>\n<br>\nBorn sometime ago, End grew up in London where they used to play between 2008 and 2009 over 15 gigs in some of the most well-known venues in the City (such as, The Bull &amp; Gate or The Purple Turtle). After a quite long break they&apos;re now back, based in Milan, bringing along a new sound. <br>\n<br>\n&quot;The Vap Manifesto&quot; is the title of their Ep; Vap is the acronym for Vagabond-chic / Alternative / Punk-electronic&quot;, which is a quite decent way to define their style, their look and their music. <br>\n<br>\nTheir live shows attempt to redefine the idea of an indie gig: the music performance is in fact sidelined by a video, projected behind the duo, realized by Francesca Avian. This aims to be  an example of visual art applied to their music, as a way to go beyond the usual (and somehow boring) clich&#xE8; of garage-noisy indie bands with amps turned in too loud, which in many cases you can&apos;t even distinguish among them.</p></div>\n","[{""name"":""The Vap Manifesto EP"",""date"":"" 2012 "",""cover"":""http://www.rockit.it/thumb200x200/nopic/nocd.jpg"",""link"":""http://www.rockit.it/endtronic/album/the-vap-manifesto-ep/19020""}]"
4536,"End","http://www.rockit.it/endarerubbish","Band","0","Rock, Indie, Alternativo ","url(/thumb700x250/foto/45497.jpg)","[]","\n<div class=""content-rece""></div>\n","[{""name"":""Writers Of A Bible"",""date"":"" 2010 "",""cover"":""http://www.rockit.it/thumb200x200/nopic/nocd.jpg"",""link"":""http://www.rockit.it/endarerubbish/album/writers-of-a-bible/15310""}]"
4537,"End of Helena","http://www.rockit.it/endofhelena","Band, Napoli, Campania","0","Rock, Hardcore, Screamo ","url(/thumb700x250/nopic/noarticolo.jpg)","[""/user/endofhelena""]","\n<div class=""content-rece""><p>End of Helena &#xE8; una band nata dall&#x2019;unione di componenti di bands Underground napoletane attive nell&#x2019;ultimo decennio come Endorphine, Nameless Crime, Try Walking in My Shoes, NoWorryAbout.<br>\n<br>\nEnd of Helena si lascia ispirare dal rock in tutte le sue forme dal Punk ed Hard Rock degli anni 80 passando per l&#x2019;Alternative ed il Grunge dei &apos;90 fino ad arrivare alle contaminazioni Indie e Post Hard Core pi&#xF9; recenti.</p></div>\n","[{""name"":""She's the end"",""date"":"" 2012 "",""cover"":""http://www.rockit.it/thumb200x200/copertine/21307.jpg"",""link"":""http://www.rockit.it/endofhelena/album/shes-the-end/21307""}]"
4538,"End of Skyline","http://www.rockit.it/endofskyline","Band, Puglia","0","Progressive, Nu-Metal, Metal ","url(/thumb700x250/foto/112153.jpg)","[""/recensione/30262/end-of-skyline-eos"",""/user/end_of_skyline""]","\n<div class=""content-rece""><p>End of Skyline (EOS)</p> <p>nascono nel novembre 2013 con l&apos;intento di unire idee e musicalit&#xE0; di ogni elemento, per creare un sound moderno e ricco di groove. Con Peppe e Francesco alle chitarre, Danilo al basso , Alessandro alla batteria, e Milly alla voce prende forma questo progetto musicale con diverse influenze, dal metal rock al progressive alle sonorit&#xE0; djent, accompagnate dalla voce femminile.</p></div>\n","[{""name"":""EOS"",""date"":"" 2015 "",""cover"":""http://www.rockit.it/thumb200x200/copertine/30262.jpg"",""link"":""http://www.rockit.it/endofskyline/album/eos/30262""}]"
4539,"End.Ov.Ena","http://www.rockit.it/endovena","Band, Lazio","0","Punk, Grunge ","url(/thumb700x250/nopic/noarticolo.jpg)","[]","\n<div class=""content-rece""></div>\n","[]"
4540,"Endebora","http://www.rockit.it/endebora","Band, Lombardia","0","Rock, Pop ","url(/thumb700x250/nopic/noarticolo.jpg)","[""/recensione/2862/endebora-neanche-carezze"",""/user/endebora""]","\n<div class=""content-rece""><p>Gli ENDEBORA nascono agli inizi del 2001 da musicisti provenienti da diverse realt&#xE0; musicali.. Dalla sua formazione la Band ha suonato in molti disco pub milanesi, svizzeri e lariani riscontrando sempre un ottimo successo. Il gruppo &#xE8; formato da quattro elementi. Due costituiscono l&apos; anima del gruppo, Davide Arpa (front man, tastiere e sequenze) e Roby Vesna (basso e cori). Alla prima chitarra attualmente suona Antonio Princiotta. Alla seconda chitarra troviamo Luca Princiotta. Alla batteria si alternano Alessandro Chiara e Damiano Montini. Hanno collaborato e collaborano con gli End&#x2026;</p></div>\n","[{""name"":""Neanche carezze.."",""date"":"" 2003 "",""cover"":""http://www.rockit.it/thumb200x200/nopic/nocd.jpg"",""link"":""http://www.rockit.it/endebora/album/neanche-carezze/2862""}]"
4541,"Endgame?","http://www.rockit.it/endgame","Band, Alessandria, Piemonte","1","Rock ","url(/thumb700x250/nopic/noarticolo.jpg)","[""/user/NonostanteClizia.""]","\n<div class=""content-rece""></div>\n","[]"
4542,"Endigma","http://www.rockit.it/endigma","Band, Lombardia","0","Alternativo ","url(/thumb700x250/nopic/noarticolo.jpg)","[]","\n<div class=""content-rece""><p>Siamo 4 ragazzi di Como e dintorni,e abbiamo cominciato a suonare insieme nel gennaio 2001,anche se avevamo gi&#xE0; altre esperienze in gruppi separati... Suoniamo rock alternativo ispirato da molti e diversi artisti: mark lanegan,pj harvey,sonic youth,jefferson airplane,doors,nirvana...so che non c&apos;entrano molto tra di loro ma &#xE8; la musica che piace a noi. Abbiamo tantissima voglia di suonare e di farci conoscere,fino ad ora abbiamo all&apos;attivo un&apos;ottantina di concerti,per lo piu nelle provincie di como,sondrio e milano... ora &#xE8; in cantiere il nostro sito ed il primo ep registrato in sala.</p></div>\n","[]"
4543,"Endless Desire","http://www.rockit.it/endlessdesire","Band, Gorizia, Friuli Venezia Giulia","0","Rock, Pop, Elettronico ","url(/thumb700x250/nopic/noarticolo.jpg)","[""/user/endlessdesire""]","\n<div class=""content-rece""></div>\n","[]"
4544,"Endless Pain","http://www.rockit.it/endlesspain","Band, Lombardia","0","Metal ","url(/thumb700x250/nopic/noarticolo.jpg)","[]","\n<div class=""content-rece""></div>\n","[]"
4545,"Endless Rêve","http://www.rockit.it/endlessreve","Band, Barletta (BA), Puglia","1","Sperimentale, Elettronico, Post-Rock ","url(/thumb700x250/foto/76428.jpg)","[""/user/EndlessRve""]","\n<div class=""content-rece""><p>https://www.facebook.com/EndlessReve</p> <p>Gli Endless R&#xEA;ve nascono nel dicembre 2012, non dalle ceneri, ma dalle comuni prospettive di due diversi progetti.<br>\nIl post-rock con filtro neo-classico de Il Canto della Citt&#xE0; Ibernata incontra le sperimentazioni vocali,<br>\nelettroniche e sonore dei Berg H&#xF8;res, riuscendo a creare una sintesi dei gusti e delle esperienze musicali di ogni membro e permettendo composizioni di vasta eterogeneit&#xE0;.<br>\nIl 25 Agosto 2013 pubblicano il loro primo Album, dal titolo &apos;&apos;The Fifth Season&apos;&apos;, contenente 9 brani inediti, disponibile interamente in download digitale.</p></div>\n","[{""name"":""The Fifth Season"",""date"":"" 2013 "",""cover"":""http://www.rockit.it/thumb200x200/copertine/23894.jpg"",""link"":""http://www.rockit.it/endlessreve/album/the-fifth-season/23894""}]"
4546,"Endless Way","http://www.rockit.it/endlessway","Band, Lazio","0","Metal, Hardcore ","url(/thumb700x250/nopic/noarticolo.jpg)","[""/recensione/2255/endless-way-dentro""]","\n<div class=""content-rece""></div>\n","[{""name"":""Dentro"",""date"":"" 2002 "",""cover"":""http://www.rockit.it/thumb200x200/nopic/nocd.jpg"",""link"":""http://www.rockit.it/endlessway/album/dentro/2255""}]"
4547,"Endolacaille","http://www.rockit.it/endolacaille","Band, Brescia, Lombardia","0","Rock, Elettronico, Alternativo ","url(/thumb700x250/nopic/noarticolo.jpg)","[]","\n<div class=""content-rece""><p>Endolacaille &#xE8; la nuova veste di un progetto nato anni fa.<br>\nA Maggio 2012 &#xE8; uscito il primo E.P. &quot;Molecole e liquidinerti&quot;, contenente sei brani che sono un po&apos; il biglietto da visita della band, che lavora con l&apos;elettronica dal vivo attraverso sintetizzatori, drum machines, e loopers.<br>\nIl messaggio viene arricchito da una forte vena Rock che va ad affiancarsi alla parte digitale per ampliare le possibilit&#xE0; di linguaggio utilizzabili.</p></div>\n","[{""name"":""Molecole e liquidinerti"",""date"":"" 2012 "",""cover"":""http://www.rockit.it/thumb200x200/nopic/nocd.jpg"",""link"":""http://www.rockit.it/endolacaille/album/molecole-e-liquidinerti/20002""},{""name"":""CAMUNIARAMA"",""date"":"" 2014 "",""cover"":""http://www.rockit.it/thumb200x200/copertine/24710.jpg"",""link"":""http://www.rockit.it/compilation/camuniarama/24710""}]"
4548,"Endorfina","http://www.rockit.it/endorfina","Band, Puglia","1","Cantautore, Rock  (NON PIU' ATTIVO)","url(/thumb700x250/nopic/noarticolo.jpg)","[""/recensione/2806/endorfina-skizofrenia"",""/news/diaframma-puglia"",""/recensione/1895/endorfina-fatte-in-casa"",""/user/en062322d""]","\n<div class=""content-rece""></div>\n","[{""name"":""Skizofrenia"",""date"":"" 2003 "",""cover"":""http://www.rockit.it/thumb200x200/nopic/nocd.jpg"",""link"":""http://www.rockit.it/endorfina/album/skizofrenia/2806""},{""name"":""Fatte in casa"",""date"":"" 2002 "",""cover"":""http://www.rockit.it/thumb200x200/nopic/nocd.jpg"",""link"":""http://www.rockit.it/endorfina/album/fatte-in-casa/1895""},{""name"":""Endorfina"",""date"":"" 2001 "",""cover"":""http://www.rockit.it/thumb200x200/nopic/nocd.jpg"",""link"":""http://www.rockit.it/endorfina/album/endorfina/1320""}]"
4549,"EndOrFine","http://www.rockit.it/endorfinetorino","Band, Torino, Piemonte","0","Strumentale, Rock, Punk ","url(/thumb700x250/foto/119220.jpg)","[""/user/frabore""]","\n<div class=""content-rece""><p>Noi siamo un gruppo Rock!</p> <p>Trio strumentale che mette in musica tutte le proprie frustrazioni quotidiane. <br>\nGeneri di riferimento possono essere l&#x2019;hard rock anni Novanta dei Motorpsycho, l&#x2019;emo core degli At The Drive-In e l&#x2019;alternative rock dei Radiohead e dei Calexico.<br>\nGruppo attivo da aprile 2011 con altra formazione dove vedeva alla voce un parlato femminile. Nel gennaio 2014 Anita lascia il gruppo e gli EndOrFine rimangono strumentali con:<br>\nSimone &quot;Saimon&quot; Sturaro (chitarra)<br>\nSimone &quot;Zimo&quot; Seno (batteria)<br>\nFrancesco &quot;Francis&quot; Borello (basso, urla)</p></div>\n","[{""name"":""EP 2015"",""date"":"" 2015 "",""cover"":""http://www.rockit.it/thumb200x200/copertine/33212.jpg"",""link"":""http://www.rockit.it/endorfinetorino/album/ep-2015/33212""}]"
4550,"Endorphyn","http://www.rockit.it/endorphyn","Band, Lazio","0","Rock, Punk, Metal ","url(/thumb700x250/foto/4016.jpg)","[""/user/endorphyn""]","\n<div class=""content-rece""><p>The Endorphyns are a band full of contradictions. They have a sound with international heavy-metal aggressiveness combined with real Italian romanticism. The time has come for us to plunge in this new reality. Hold your breath and don&#x2019;t be afraid and after this incredible trip on the ups and downs of their energy you will discover that you will want to do it again. Ancient and mystic like their homeland, cool and cynical like the world.</p></div>\n","[{""name"":""Animals in a weak fence"",""date"":"" 2005 "",""cover"":""http://www.rockit.it/thumb200x200/nopic/nocd.jpg"",""link"":""http://www.rockit.it/endorphyn/album/animals-in-a-weak-fence/4639""}]"
4551,"Endrigo","http://www.rockit.it/endrigo","Band, Brescia, Lombardia","0","Rock ","url(/thumb700x250/foto/98558.jpg)","[""/user/Endrigo""]","\n<div class=""content-rece""><p>Rock&apos;n roll from Brescia</p> <p>Quattro ragazzi sudati di Brescia.Insieme dal 2012 per fare rock dritto e semplice.Dateci un palco, abbiamo fame.</p></div>\n","[{""name"":""Buona Tempesta"",""date"":"" 2014 "",""cover"":""http://www.rockit.it/thumb200x200/copertine/27614.jpg"",""link"":""http://www.rockit.it/endrigo/album/buona-tempesta/27614""},{""name"":""Spara"",""date"":"" 2013 "",""cover"":""http://www.rockit.it/thumb200x200/copertine/24637.jpg"",""link"":""http://www.rockit.it/endrigo/album/spara/24637""}]"
4552,"Endriukas","http://www.rockit.it/endriukas","Band, Torino, Piemonte","1","Rock, Pop, Alternativo ","url(/thumb700x250/foto/55677.jpg)","[""/recensione/21785/endriukas-le-situazioni"",""/recensione/15099/endriukas-hometown-summer"",""/user/endriukas""]","\n<div class=""content-rece""><p>Progetto cantautorale nato nel 2010, sotto il cui pseudonimo si cela Andrea Norzi, musicista dall&#x2019;animo rock diplomato alla Berklee Summer School Clinic at Umbria Jazz 2009, che in passato ha militato in formazioni torinesi e non, in qualit&#xE0; di chitarrista-cantante e bassista, strumento con il quale ha avuto il piacere di fare da turnista per David Garrett alla serata di inaugurazione della stagione operistica del 1 Giugno 2011 all&#x2019;Arena di Verona.<br>\n<br>\nIl progetto solista nasce dalla voglia di esprimersi attraverso dei brani propri, cercando di far affiorare un po&#x2019; di quell&#x2019;universo personale che ognuno di noi porta con s&#xE9;, anche grazie alla tecnica canoro-interpretativa della famosa insegnante di New York, Mary Setrakian, conosciuta al CPM di Milano nell&#x2019;Aprile 2011.<br>\n<br>\nAll&#x2019;iniziale lavoro con testi in lingua inglese &#xE8; seguito un primo EP, dal titolo &#x201C;Hometown Summer&#x201D;, cinque tracce di stampo prevalentemente acustico e dal gusto Rock/Pop, con qualche venatura blues e molti controcanti dal sapore un po&#x2019; sixties.<br>\n<br>\nDopo di che, la &#x201C;scoperta&#x201D; dell&#x2019;italiano. Al momento infatti le nuove composizioni partono proprio dalla voglia di sperimentare e &#x201C;giocare&#x201D; con la propria lingua madre, senza perdere le sonorit&#xE0; british che da sempre sono un riferimento personale. I concerti si sono inoltre arricchiti di una leggera psichedelia, grazie ad un uso sempre pi&#xF9; frequente e consapevole della loop station, sia vocale che strumentale, in maniera rigorosamente live.<br>\n<br>\nOltre ad esibirsi da solo, Endriukas ha anche una band di supporto, che vanta fra i componenti Emanuele Aldini alla batteria e Francesco De Nichilo al basso, le cui esibizioni sono caratterizzate da sonorit&#xE0; decisamente pi&#xF9; esplosive dei live acustici.</p></div>\n","[{""name"":""Le Situazioni"",""date"":"" 2012 "",""cover"":""http://www.rockit.it/thumb200x200/copertine/21785.jpg"",""link"":""http://www.rockit.it/endriukas/album/le-situazioni/21785""},{""name"":""Covers"",""date"":"" 2011 "",""cover"":""http://www.rockit.it/thumb200x200/copertine/16319.jpg"",""link"":""http://www.rockit.it/endriukas/album/covers/16319""},{""name"":""Hometown Summer"",""date"":"" 2011 "",""cover"":""http://www.rockit.it/thumb200x200/copertine/15099.jpg"",""link"":""http://www.rockit.it/endriukas/album/hometown-summer/15099""}]"
4553,"Endura","http://www.rockit.it/endura","Band, Piemonte","3","Cantautore, Pop, Alternativo ","url(/thumb700x250/foto/1429.jpg)","[""/recensione/6352/endura-bleu"",""/news/bleu-endura-streaming-rockit"",""/news/oggi-esce-nuovo-ep-endura"",""/user/endura""]","\n<div class=""content-rece""><p>Nel 2000 esce il cd autoprodotto Due Complesso, che riscuote un inaspettato successo di critica. Nel 2001 Idro &#xE8; settima nella classifica indipendente di Match Music. Nel 2002: la vittoria di Sotterranea Rock e del Premio Ciampi. Les mots, la nuit, la danse. &#xE8; il titolo del primo disco ufficiale del gruppo, prodotto da Paolo Benvegn&#xF9; e pubblicato nell&#x2019;ottobre 2003 su etichetta Urlo Music-Emi. Nel 2004 la partecipazione all&apos;Estate Spoletina con lo spettacolo Bleu. Nel 2007 l&apos;uscita dell&apos;ep Bleu M&#xE9;tallique e del disco Bleu coprodotto da Giacomo Fiorenza, per mano di Compagnia Nuove Indye.</p></div>\n","[{""name"":""Bleu"",""date"":"" 2007 "",""cover"":""http://www.rockit.it/thumb200x200/copertine/6352.jpg"",""link"":""http://www.rockit.it/endura/album/bleu/6352""},{""name"":""Bleu Métallique"",""date"":"" 2007 "",""cover"":""http://www.rockit.it/thumb200x200/copertine/6796.jpg"",""link"":""http://www.rockit.it/endura/album/bleu-metallique/6796""},{""name"":""Les mots, la nuit, la danse"",""date"":"" 2003 "",""cover"":""http://www.rockit.it/thumb200x200/copertine/2732.jpg"",""link"":""http://www.rockit.it/endura/album/les-mots-la-nuit-la-danse/2732""},{""name"":""Due complesso"",""date"":"" 2000 "",""cover"":""http://www.rockit.it/thumb200x200/nopic/nocd.jpg"",""link"":""http://www.rockit.it/endura/album/due-complesso/752""}]"
4554,"Enea","http://www.rockit.it/enea","Band, Lombardia","0","Rock, Pop ","url(/thumb700x250/nopic/noarticolo.jpg)","[]","\n<div class=""content-rece""></div>\n","[]"
4555,"Enema","http://www.rockit.it/enema","Band, Lazio","0","Rock, Grunge, Alternativo ","url(/thumb700x250/nopic/noarticolo.jpg)","[""/recensione/839/enema-democd"",""/recensione/703/enema-demo""]","\n<div class=""content-rece""></div>\n","[{""name"":""DemoCD"",""date"":"" 2000 "",""cover"":""http://www.rockit.it/thumb200x200/nopic/nocd.jpg"",""link"":""http://www.rockit.it/enema/album/democd/839""},{""name"":""Demo"",""date"":"" 2000 "",""cover"":""http://www.rockit.it/thumb200x200/nopic/nocd.jpg"",""link"":""http://www.rockit.it/enema/album/demo/703""}]"
4556,"enema","http://www.rockit.it/enemacore","Band, REGGIO EMILIA (RE), Emilia Romagna","1","Metal, Hardcore, Crossover ","url(/thumb700x250/nopic/noarticolo.jpg)","[""/user/enemacore""]","\n<div class=""content-rece""></div>\n","[]"
4557,"ENEMYNSIDE","http://www.rockit.it/thrasherinside","Band, Roma, Lazio","1","Rock, Metal, Hard Rock ","url(/thumb700x250/foto/17227.jpg)","[""/user/thrasherinside""]","\n<div class=""content-rece""><p>Active since 1994 with the monicker Scapegoat and after the release of the demo-tape &#x201C;Scars&#x201D;, Enemynside was founded in 1999 and with this monicker has been released an official demo-cd titled &quot;From The Cradle To The Way&quot;. This demo allowed the band to sign a contract with Modern Music (a brand of Noise Records) for the internet record project called Sonickattack. In 2001 the band recorded the promo-cd &quot;Violent Beats&quot; only for labels and press, and a new contract is reached with Temple Of Noise Records that produced the full lenght album in 2003 titled &quot;Let The Madness Begin...&quot; distributed in Italy by Frontiers and in Europe since spring 2005. On 2005 the song &quot;Hatestone&quot; (taken from &quot;Let The Madness Begin...&quot;) has been included in the July issue of the Rock Hard Germany. About the live activity the band have had the opportunity to play all around Italy and abroad as headliner and supporting acts like Tankard, Dismember, Konkhra and many more. In 2005 the band released a videoclip for the song &#x201C;Your Enemy Inside&#x201D; taken from &#x201C;Let the Madness Begin&#x2026;&#x201D;, for some weeks that videoclip has been in the rotation on the alternative Italian music television. Now the band is still working on the promotion of the new album titled &#x201C;In The Middle Of Nowhere&#x201D; recorded at 16th Cellar Studios in Rome. Meanwhile a promotional videoclip for the song &#x201C;Burnt By The Sun&#x201D; (taken from the new full-lenght) has been released and it can be view on the official myspace page of the band. IN THE MIDDLE OF NOWHERE TOUR 2009 (Supporting former Iron Maiden singer Blaze Bailey): Apr 22 2009 8:00P Dante&#x2019;s Highlight Helsinki (FI) Apr 23 2009 8:00P Iltat&#xE4;hti Lappeenranta (FI) Apr 24 2009 8:00P Hell&#xE4; Tampere (FI) Apr 25 2009 8:00P Henry&#x2019;s Pub Kuopio (FI) Apr 26 2009 8:00P Klubi Turku (FI) Apr 28 2009 8:00P Hornstullstrand Etablissement Stockholm (SWE) Apr 29 2009 8:00P Sigurdsgatan25 Vasteras (SWE) Apr 30 2009 8:00P Parken G&#xE4;vle Gavle (SWE)</p></div>\n","[{""name"":""In The Middle Of Nowhere"",""date"":"" 2008 "",""cover"":""http://www.rockit.it/thumb200x200/copertine/10682.jpg"",""link"":""http://www.rockit.it/thrasherinside/album/in-the-middle-of-nowhere/10682""},{""name"":""Let The Madness Begin"",""date"":"" 2003 "",""cover"":""http://www.rockit.it/thumb200x200/copertine/10681.jpg"",""link"":""http://www.rockit.it/thrasherinside/album/let-the-madness-begin/10681""}]"
4558,"enenvolvo","http://www.rockit.it/enenvolvo","Band, Roma, Lazio","0","Sperimentale, Rock ","url(/thumb700x250/nopic/noarticolo.jpg)","[""/user/enenvolvo""]","\n<div class=""content-rece""></div>\n","[]"
4559,"Energetika Band","http://www.rockit.it/energetikaband","Band, Taino (VA), Lombardia","0","Crossover, Covers ","url(/thumb700x250/nopic/noarticolo.jpg)","[""/user/energetikaband""]","\n<div class=""content-rece""></div>\n","[]"
4560,"Energie Plus+","http://www.rockit.it/energieplus","Band, Sicilia","1","Rock, Pop ","url(/thumb700x250/nopic/noarticolo.jpg)","[]","\n<div class=""content-rece""></div>\n","[]"
4561,"Eneth","http://www.rockit.it/eneth","Band, Veneto","0","Metal ","url(/thumb700x250/foto/3828.jpg)","[""/user/eneth""]","\n<div class=""content-rece""><p>La band nasce nel 1998, con l&apos;intenzione di fondere atmosfere e sonorit&#xE0; barocche e sinfoniche al black metal di stampo nordico. Nel 1999 viene prodotto &quot;Baroque Esprit&quot;, mini cd ristampato poi per Militia Templi Records. Nell&apos;ottobre 2006 l&apos;etichetta islandese Electric Horizon Records da finalmente alla luce il nuovo album, intitolato &quot;Aura Sinfonica&quot;.</p></div>\n","[{""name"":""Aura Sinfonica"",""date"":"" 2006 "",""cover"":""http://www.rockit.it/thumb200x200/nopic/nocd.jpg"",""link"":""http://www.rockit.it/eneth/album/aura-sinfonica/4853""},{""name"":""Baroque Esprit"",""date"":"" 2004 "",""cover"":""http://www.rockit.it/thumb200x200/nopic/nocd.jpg"",""link"":""http://www.rockit.it/eneth/album/baroque-esprit/4852""}]"
4562,"Enfasi","http://www.rockit.it/enfasi","Band, Puglia","0","Rock, Alternativo ","url(/thumb700x250/nopic/noarticolo.jpg)","[""/user/enfasi""]","\n<div class=""content-rece""></div>\n","[]"